timestamp,elapsed_time,CUMULATIVE_FLOW,PRESSURE1,PRESSURE2,PRESSURE3,VALVE_STATE
2024-11-15 12:32:59,0.126228,0.0,30.72,0.0,,0.0
2024-11-15 12:32:59,0.252712,0.0,30.72,0.0,,0.0
2024-11-15 12:33:00,0.383324,0.0,30.72,0.0,,0.0
2024-11-15 12:33:00,0.510171,0.01,30.72,0.0,,0.0
2024-11-15 12:33:00,0.658186,0.01,30.47,0.0,,0.0
2024-11-15 12:33:00,0.764129,0.01,30.72,0.0,,0.0
2024-11-15 12:33:00,0.891088,0.02,30.72,0.0,,0.0
2024-11-15 12:33:00,1.01815,0.02,30.72,0.0,,0.0
2024-11-15 12:33:00,1.145075,0.02,30.47,0.0,,0.0
2024-11-15 12:33:00,1.272036,0.02,30.72,0.0,,0.0
2024-11-15 12:33:01,1.399028,0.02,31.7,1.15,,1.0
2024-11-15 12:33:01,1.525939,0.02,31.7,4.81,,1.0
2024-11-15 12:33:01,1.653156,0.03,31.7,3.59,,1.0
2024-11-15 12:33:01,1.781047,0.03,31.45,19.97,,1.0
2024-11-15 12:33:01,1.907188,0.03,29.99,29.74,,1.0
2024-11-15 12:33:01,2.034308,0.03,30.47,29.25,,1.0
2024-11-15 12:33:01,2.164925,0.03,29.99,30.23,,1.0
2024-11-15 12:33:01,2.291967,0.03,30.23,29.99,,1.0
2024-11-15 12:33:02,2.419259,0.03,29.99,23.63,,1.0
2024-11-15 12:33:02,2.546659,0.03,30.23,18.01,,1.0
2024-11-15 12:33:02,2.676998,0.03,30.23,14.83,,1.0
2024-11-15 12:33:02,2.804467,0.03,30.47,12.88,,1.0
2024-11-15 12:33:02,2.932122,0.03,30.47,10.68,,1.0
2024-11-15 12:33:02,3.058406,0.03,30.47,10.43,,1.0
2024-11-15 12:33:02,3.189379,0.03,30.47,8.24,,1.0
2024-11-15 12:33:02,3.316096,0.03,30.23,8.48,,1.0
2024-11-15 12:33:03,3.44344,0.03,30.47,7.75,,1.0
2024-11-15 12:33:03,3.570069,0.03,30.47,7.5,,1.0
2024-11-15 12:33:03,3.697238,0.03,30.23,7.5,,1.0
2024-11-15 12:33:03,3.823909,0.03,30.47,6.28,,1.0
2024-11-15 12:33:03,3.951031,0.03,30.47,7.26,,1.0
2024-11-15 12:33:03,4.077945,0.03,30.47,4.81,,1.0
2024-11-15 12:33:03,4.204935,0.03,30.23,5.55,,1.0
2024-11-15 12:33:03,4.331802,0.03,30.23,4.81,,1.0
2024-11-15 12:33:04,4.458831,0.03,30.47,4.08,,1.0
2024-11-15 12:33:04,4.582805,0.03,30.47,4.81,,1.0
2024-11-15 12:33:04,4.709559,0.03,30.47,4.57,,1.0
2024-11-15 12:33:04,4.836562,0.03,30.23,4.08,,1.0
2024-11-15 12:33:04,4.962584,0.03,30.23,3.84,,1.0
2024-11-15 12:33:04,5.086788,0.03,30.47,3.84,,1.0
2024-11-15 12:33:04,5.213435,0.03,30.23,3.35,,1.0
2024-11-15 12:33:04,5.339933,0.03,30.23,3.1,,1.0
2024-11-15 12:33:05,5.467131,0.03,30.23,2.37,,1.0
2024-11-15 12:33:05,5.594069,0.03,30.23,1.88,,1.0
2024-11-15 12:33:05,5.721342,0.03,30.47,2.61,,1.0
2024-11-15 12:33:05,5.848398,0.03,30.47,2.13,,1.0
2024-11-15 12:33:05,5.974832,0.03,30.47,2.13,,1.0
2024-11-15 12:33:05,6.10203,0.03,30.23,1.39,,1.0
2024-11-15 12:33:05,6.228474,0.03,30.23,2.13,,1.0
2024-11-15 12:33:05,6.356284,0.03,30.47,1.64,,1.0
2024-11-15 12:33:06,6.4832,0.03,30.23,1.15,,1.0
2024-11-15 12:33:06,6.609839,0.03,30.23,2.37,,1.0
2024-11-15 12:33:06,6.736832,0.03,30.47,0.9,,1.0
2024-11-15 12:33:06,6.866913,0.03,30.47,0.9,,1.0
2024-11-15 12:33:06,6.993885,0.03,30.47,0.9,,1.0
2024-11-15 12:33:06,7.121469,0.03,30.47,0.9,,1.0
2024-11-15 12:33:06,7.247987,0.03,30.47,0.9,,1.0
2024-11-15 12:33:07,7.375054,0.03,30.47,0.9,,1.0
2024-11-15 12:33:07,7.501891,0.03,30.47,0.9,,1.0
2024-11-15 12:33:07,7.628861,0.03,30.23,0.42,,1.0
2024-11-15 12:33:07,7.755816,0.03,30.47,0.66,,1.0
2024-11-15 12:33:07,7.882793,0.03,30.47,0.42,,1.0
2024-11-15 12:33:07,8.009792,0.03,30.47,0.42,,1.0
2024-11-15 12:33:07,8.136884,0.03,30.23,0.17,,1.0
2024-11-15 12:33:07,8.263751,0.03,30.47,0.17,,1.0
2024-11-15 12:33:08,8.390766,0.03,30.47,0.17,,1.0
2024-11-15 12:33:08,8.518146,0.03,30.47,0.17,,1.0
2024-11-15 12:33:08,8.644765,0.03,30.23,0.17,,1.0
2024-11-15 12:33:08,8.77181,0.03,30.23,0.0,,1.0
2024-11-15 12:33:08,8.89859,0.03,30.47,0.0,,1.0
2024-11-15 12:33:08,9.022024,0.03,30.72,0.17,,1.0
2024-11-15 12:33:08,9.148677,0.03,30.47,0.0,,1.0
2024-11-15 12:33:08,9.275585,0.03,30.23,0.17,,1.0
2024-11-15 12:33:09,9.402561,0.03,30.23,0.17,,1.0
2024-11-15 12:33:09,9.525678,0.03,30.47,0.0,,1.0
2024-11-15 12:33:09,9.653191,0.04,30.47,0.17,,1.0
2024-11-15 12:33:09,9.780014,0.04,30.47,0.0,,1.0
2024-11-15 12:33:09,9.906622,0.05,30.47,0.0,,1.0
2024-11-15 12:33:09,10.03387,0.06,30.47,0.17,,1.0
2024-11-15 12:33:09,10.160859,0.06,30.47,0.0,,1.0
2024-11-15 12:33:09,10.287519,0.07,30.23,0.0,,1.0
2024-11-15 12:33:10,10.414926,0.07,30.23,0.0,,1.0
2024-11-15 12:33:10,10.54254,0.08,30.47,0.0,,1.0
2024-11-15 12:33:10,10.668626,0.08,30.47,0.0,,1.0
2024-11-15 12:33:10,10.795351,0.08,30.47,0.0,,1.0
2024-11-15 12:33:10,10.9225,0.08,30.47,0.0,,1.0
2024-11-15 12:33:10,11.049338,0.08,30.47,0.0,,1.0
2024-11-15 12:33:10,11.176673,0.08,30.47,0.0,,1.0
2024-11-15 12:33:10,11.30371,0.08,30.47,0.9,,1.0
2024-11-15 12:33:11,11.430419,0.08,30.47,0.0,,1.0
2024-11-15 12:33:11,11.557562,0.08,30.23,0.0,,1.0
2024-11-15 12:33:11,11.687863,0.09,30.47,0.0,,1.0
2024-11-15 12:33:11,11.814826,0.09,30.47,0.0,,1.0
2024-11-15 12:33:11,11.942077,0.09,30.47,0.17,,1.0
2024-11-15 12:33:11,12.068789,0.1,30.47,0.0,,1.0
2024-11-15 12:33:11,12.195733,0.1,30.23,0.0,,1.0
2024-11-15 12:33:11,12.323104,0.1,30.47,0.0,,1.0
2024-11-15 12:33:12,12.449889,0.1,30.23,0.0,,1.0
2024-11-15 12:33:12,12.576643,0.1,30.47,0.0,,1.0
2024-11-15 12:33:12,12.703668,0.1,30.23,0.0,,1.0
2024-11-15 12:33:12,12.830888,0.1,30.23,0.0,,1.0
2024-11-15 12:33:12,12.958197,0.1,30.23,0.0,,1.0
2024-11-15 12:33:12,13.084847,0.11,30.23,0.0,,1.0
2024-11-15 12:33:12,13.211914,0.11,30.23,0.0,,1.0
2024-11-15 12:33:12,13.338515,0.11,30.23,0.0,,1.0
2024-11-15 12:33:13,13.462311,0.11,30.47,0.0,,1.0
2024-11-15 12:33:13,13.589419,0.11,30.23,0.0,,1.0
2024-11-15 12:33:13,13.715707,0.11,30.23,0.0,,1.0
2024-11-15 12:33:13,13.842629,0.11,30.23,0.17,,1.0
2024-11-15 12:33:13,13.96573,0.11,30.47,0.0,,1.0
2024-11-15 12:33:13,14.092482,0.11,30.47,0.0,,1.0
2024-11-15 12:33:13,14.219509,0.11,30.47,0.0,,1.0
2024-11-15 12:33:13,14.346401,0.11,31.21,3.84,,1.0
2024-11-15 12:33:14,14.47352,0.11,31.45,3.84,,1.0
2024-11-15 12:33:14,14.601076,0.12,30.96,5.79,,1.0
2024-11-15 12:33:14,14.727498,0.12,31.21,27.54,,1.0
2024-11-15 12:33:14,14.858163,0.12,29.01,25.59,,1.0
2024-11-15 12:33:14,14.985412,0.12,30.23,29.5,,1.0
2024-11-15 12:33:14,15.112513,0.12,29.74,29.01,,1.0
2024-11-15 12:33:14,15.239893,0.12,29.99,23.88,,1.0
2024-11-15 12:33:15,15.370449,0.12,29.99,18.01,,1.0
2024-11-15 12:33:15,15.497547,0.12,29.99,15.08,,1.0
2024-11-15 12:33:15,15.624534,0.12,29.99,12.88,,1.0
2024-11-15 12:33:15,15.752128,0.12,29.99,11.9,,1.0
2024-11-15 12:33:15,15.882275,0.12,29.99,10.19,,1.0
2024-11-15 12:33:15,16.009357,0.12,29.99,9.95,,1.0
2024-11-15 12:33:15,16.13646,0.12,29.99,9.46,,1.0
2024-11-15 12:33:15,16.263684,0.12,29.99,8.97,,1.0
2024-11-15 12:33:16,16.390829,0.12,29.99,7.01,,1.0
2024-11-15 12:33:16,16.517166,0.12,29.99,7.5,,1.0
2024-11-15 12:33:16,16.644872,0.12,29.99,6.52,,1.0
2024-11-15 12:33:16,16.771354,0.12,29.99,7.5,,1.0
2024-11-15 12:33:16,16.898863,0.12,29.99,7.5,,1.0
2024-11-15 12:33:16,17.025334,0.12,29.99,6.28,,1.0
2024-11-15 12:33:16,17.152799,0.12,29.99,4.81,,1.0
2024-11-15 12:33:16,17.279382,0.12,30.23,5.3,,1.0
2024-11-15 12:33:17,17.406367,0.12,29.99,4.81,,1.0
2024-11-15 12:33:17,17.533224,0.12,29.99,5.3,,1.0
2024-11-15 12:33:17,17.660984,0.12,29.99,4.81,,1.0
2024-11-15 12:33:17,17.787784,0.12,29.99,4.08,,1.0
2024-11-15 12:33:17,17.914147,0.12,29.99,4.81,,1.0
2024-11-15 12:33:17,18.041481,0.12,29.99,4.57,,1.0
2024-11-15 12:33:17,18.168548,0.12,29.99,3.35,,1.0
2024-11-15 12:33:17,18.29527,0.12,29.99,2.86,,1.0
2024-11-15 12:33:18,18.4227,0.12,29.99,4.08,,1.0
2024-11-15 12:33:18,18.549405,0.12,29.99,3.59,,1.0
2024-11-15 12:33:18,18.676228,0.12,29.74,3.35,,1.0
2024-11-15 12:33:18,18.803511,0.12,29.99,3.59,,1.0
2024-11-15 12:33:18,18.929979,0.12,29.99,3.35,,1.0
2024-11-15 12:33:18,19.056716,0.12,29.99,3.1,,1.0
2024-11-15 12:33:18,19.183951,0.12,29.99,3.1,,1.0
2024-11-15 12:33:18,19.307115,0.12,29.99,2.61,,1.0
2024-11-15 12:33:19,19.434383,0.12,29.99,2.37,,1.0
2024-11-15 12:33:19,19.560582,0.12,29.99,2.13,,1.0
2024-11-15 12:33:19,19.687684,0.12,29.99,2.61,,1.0
2024-11-15 12:33:19,19.814792,0.12,29.99,3.1,,1.0
2024-11-15 12:33:19,19.941681,0.12,29.99,2.37,,1.0
2024-11-15 12:33:19,20.068216,0.12,29.74,2.37,,1.0
2024-11-15 12:33:19,20.195347,0.12,29.99,1.88,,1.0
2024-11-15 12:33:19,20.322464,0.12,29.99,1.88,,1.0
2024-11-15 12:33:20,20.449113,0.12,29.74,1.88,,1.0
2024-11-15 12:33:20,20.576642,0.12,29.74,1.39,,1.0
2024-11-15 12:33:20,20.703571,0.12,29.99,1.15,,1.0
2024-11-15 12:33:20,20.830367,0.12,29.99,1.88,,1.0
2024-11-15 12:33:20,20.957727,0.12,29.74,1.88,,1.0
2024-11-15 12:33:20,21.084041,0.12,29.99,1.88,,1.0
2024-11-15 12:33:20,21.211273,0.12,29.74,1.39,,1.0
2024-11-15 12:33:20,21.338496,0.12,29.74,1.39,,1.0
2024-11-15 12:33:21,21.465195,0.12,29.74,0.9,,1.0
2024-11-15 12:33:21,21.592296,0.12,29.99,1.15,,1.0
2024-11-15 12:33:21,21.71912,0.12,29.99,1.39,,1.0
2024-11-15 12:33:21,21.846348,0.12,29.74,1.88,,1.0
2024-11-15 12:33:21,21.973191,0.12,29.99,1.39,,1.0
2024-11-15 12:33:21,22.100686,0.12,29.74,0.9,,1.0
2024-11-15 12:33:21,22.227293,0.12,29.99,0.66,,1.0
2024-11-15 12:33:21,22.35466,0.12,29.99,0.9,,1.0
2024-11-15 12:33:22,22.480946,0.12,29.74,1.15,,1.0
2024-11-15 12:33:22,22.608057,0.12,29.99,1.15,,1.0
2024-11-15 12:33:22,22.735549,0.12,29.74,1.15,,1.0
2024-11-15 12:33:22,22.862202,0.12,29.74,0.9,,1.0
2024-11-15 12:33:22,22.988745,0.12,29.74,0.66,,1.0
2024-11-15 12:33:22,23.115742,0.12,29.74,1.39,,1.0
2024-11-15 12:33:22,23.242853,0.12,29.74,1.15,,1.0
2024-11-15 12:33:23,23.369644,0.12,29.74,0.66,,1.0
2024-11-15 12:33:23,23.496525,0.12,29.74,0.9,,1.0
2024-11-15 12:33:23,23.623346,0.12,29.99,0.9,,1.0
2024-11-15 12:33:23,23.74679,0.12,29.99,0.66,,1.0
2024-11-15 12:33:23,23.873781,0.12,29.74,1.15,,1.0
2024-11-15 12:33:23,24.000911,0.12,29.74,0.66,,1.0
2024-11-15 12:33:23,24.127527,0.12,29.74,0.42,,1.0
2024-11-15 12:33:23,24.254131,0.12,29.74,0.9,,1.0
2024-11-15 12:33:24,24.381426,0.12,29.74,0.9,,1.0
2024-11-15 12:33:24,24.508679,0.12,29.74,0.66,,1.0
2024-11-15 12:33:24,24.635353,0.12,29.74,0.42,,1.0
2024-11-15 12:33:24,24.762106,0.12,29.74,0.42,,1.0
2024-11-15 12:33:24,24.88909,0.12,29.74,0.17,,1.0
2024-11-15 12:33:24,25.016259,0.12,29.99,0.66,,1.0
2024-11-15 12:33:24,25.143242,0.12,29.74,1.39,,1.0
2024-11-15 12:33:24,25.270114,0.12,29.74,0.17,,1.0
2024-11-15 12:33:25,25.397222,0.12,29.74,0.66,,1.0
2024-11-15 12:33:25,25.524445,0.12,29.5,0.66,,1.0
2024-11-15 12:33:25,25.651372,0.12,29.74,0.42,,1.0
2024-11-15 12:33:25,25.778033,0.12,29.74,0.0,,1.0
2024-11-15 12:33:25,25.905049,0.12,29.74,0.42,,1.0
2024-11-15 12:33:25,26.031967,0.12,29.74,0.42,,1.0
2024-11-15 12:33:25,26.15911,0.12,29.74,0.42,,1.0
2024-11-15 12:33:25,26.286539,0.12,29.74,0.0,,1.0
2024-11-15 12:33:26,26.413593,0.12,29.74,0.42,,1.0
2024-11-15 12:33:26,26.540075,0.12,29.5,0.17,,1.0
2024-11-15 12:33:26,26.667573,0.12,29.5,0.17,,1.0
2024-11-15 12:33:26,26.79403,0.12,29.5,0.17,,1.0
2024-11-15 12:33:26,26.921326,0.12,29.5,0.0,,1.0
2024-11-15 12:33:26,27.048045,0.12,29.5,0.0,,1.0
2024-11-15 12:33:26,27.175624,0.13,29.5,0.0,,1.0
2024-11-15 12:33:26,27.301995,0.14,29.74,0.0,,1.0
2024-11-15 12:33:27,27.429231,0.15,29.5,0.66,,1.0
2024-11-15 12:33:27,27.555792,0.16,29.74,0.0,,1.0
2024-11-15 12:33:27,27.683035,0.17,29.74,0.0,,1.0
2024-11-15 12:33:27,27.810259,0.18,29.5,0.0,,1.0
2024-11-15 12:33:27,27.936628,0.19,29.5,0.0,,1.0
2024-11-15 12:33:27,28.063313,0.19,29.5,0.42,,1.0
2024-11-15 12:33:27,28.186732,0.2,29.5,0.17,,1.0
2024-11-15 12:33:27,28.313964,0.21,29.5,0.0,,1.0
2024-11-15 12:33:28,28.440917,0.22,29.74,0.0,,1.0
2024-11-15 12:33:28,28.56715,0.22,29.5,0.0,,1.0
2024-11-15 12:33:28,28.694102,0.22,29.74,0.0,,1.0
2024-11-15 12:33:28,28.821544,0.22,29.5,0.17,,1.0
2024-11-15 12:33:28,28.94834,0.22,29.5,0.0,,1.0
2024-11-15 12:33:28,29.075216,0.22,29.5,0.0,,1.0
2024-11-15 12:33:28,29.202121,0.22,29.5,0.0,,1.0
2024-11-15 12:33:28,29.329579,0.22,29.5,0.0,,1.0
2024-11-15 12:33:29,29.45631,0.22,29.5,0.0,,1.0
2024-11-15 12:33:29,29.582998,0.22,29.5,0.0,,1.0
2024-11-15 12:33:29,29.710281,0.22,29.5,0.0,,1.0
2024-11-15 12:33:29,29.837472,0.22,29.5,0.0,,1.0
2024-11-15 12:33:29,29.964122,0.22,29.5,0.0,,1.0
2024-11-15 12:33:29,30.0909,0.22,29.5,0.0,,1.0
2024-11-15 12:33:29,30.218136,0.22,29.5,0.0,,1.0
2024-11-15 12:33:29,30.345089,0.22,29.5,0.0,,1.0
2024-11-15 12:33:30,30.471977,0.22,29.5,0.0,,1.0
2024-11-15 12:33:30,30.598967,0.22,29.5,0.0,,1.0
2024-11-15 12:33:30,30.726225,0.22,29.5,0.0,,1.0
2024-11-15 12:33:30,30.853561,0.22,29.5,0.0,,1.0
2024-11-15 12:33:30,30.979922,0.22,29.5,0.0,,1.0
2024-11-15 12:33:30,31.107055,0.23,29.5,0.0,,1.0
2024-11-15 12:33:30,31.234179,0.23,29.5,0.0,,1.0
2024-11-15 12:33:31,31.360933,0.23,30.47,3.84,,1.0
2024-11-15 12:33:31,31.487748,0.23,30.47,5.3,,1.0
2024-11-15 12:33:31,31.614854,0.23,29.25,1.88,,1.0
2024-11-15 12:33:31,31.742082,0.24,29.25,0.17,,1.0
2024-11-15 12:33:31,31.868748,0.25,29.25,0.0,,1.0
2024-11-15 12:33:31,31.995887,0.26,29.25,0.0,,1.0
2024-11-15 12:33:31,32.122529,0.28,29.25,0.0,,1.0
2024-11-15 12:33:31,32.249433,0.3,29.25,0.0,,1.0
2024-11-15 12:33:32,32.372693,0.32,29.5,0.0,,1.0
2024-11-15 12:33:32,32.499759,0.33,29.25,0.0,,1.0
2024-11-15 12:33:32,32.626399,0.34,29.5,0.17,,1.0
2024-11-15 12:33:32,32.753262,0.34,29.25,0.0,,1.0
2024-11-15 12:33:32,32.880082,0.34,29.25,0.0,,1.0
2024-11-15 12:33:32,33.007419,0.34,29.5,0.0,,1.0
2024-11-15 12:33:32,33.134475,0.34,29.25,0.0,,1.0
2024-11-15 12:33:32,33.261004,0.34,29.25,0.0,,1.0
2024-11-15 12:33:33,33.388381,0.34,29.25,0.0,,1.0
2024-11-15 12:33:33,33.515214,0.34,29.5,0.0,,1.0
2024-11-15 12:33:33,33.642006,0.34,29.25,0.0,,1.0
2024-11-15 12:33:33,33.768968,0.34,29.25,0.0,,1.0
2024-11-15 12:33:33,33.896188,0.34,29.5,0.0,,1.0
2024-11-15 12:33:33,34.023186,0.34,29.5,0.0,,1.0
2024-11-15 12:33:33,34.149926,0.34,29.25,0.0,,1.0
2024-11-15 12:33:33,34.276777,0.34,29.25,0.0,,1.0
2024-11-15 12:33:34,34.404282,0.34,29.5,0.0,,1.0
2024-11-15 12:33:34,34.530837,0.34,29.5,0.0,,1.0
2024-11-15 12:33:34,34.65831,0.34,29.25,0.0,,1.0
2024-11-15 12:33:34,34.784864,0.34,29.25,0.0,,1.0
2024-11-15 12:33:34,34.912338,0.34,29.5,0.0,,1.0
2024-11-15 12:33:34,35.039133,0.34,29.25,0.0,,1.0
2024-11-15 12:33:34,35.16602,0.34,29.25,0.0,,1.0
2024-11-15 12:33:34,35.293088,0.34,29.25,0.0,,1.0
2024-11-15 12:33:35,35.420343,0.34,29.5,0.0,,1.0
2024-11-15 12:33:35,35.547127,0.34,29.5,0.0,,1.0
2024-11-15 12:33:35,35.673711,0.34,29.5,0.0,,1.0
2024-11-15 12:33:35,35.800884,0.34,29.5,0.0,,1.0
2024-11-15 12:33:35,35.927903,0.34,29.25,0.0,,1.0
2024-11-15 12:33:35,36.054925,0.34,29.25,0.0,,1.0
2024-11-15 12:33:35,36.182197,0.34,29.25,0.0,,1.0
2024-11-15 12:33:35,36.309122,0.34,29.25,0.0,,1.0
2024-11-15 12:33:36,36.435872,0.34,29.25,0.0,,1.0
2024-11-15 12:33:36,36.562931,0.34,29.25,0.0,,1.0
2024-11-15 12:33:36,36.689538,0.34,29.25,0.0,,1.0
2024-11-15 12:33:36,36.813361,0.34,29.25,0.0,,1.0
2024-11-15 12:33:36,36.940179,0.34,29.25,0.0,,1.0
2024-11-15 12:33:36,37.066728,0.34,29.25,0.0,,1.0
2024-11-15 12:33:36,37.193338,0.34,29.25,0.0,,1.0
2024-11-15 12:33:36,37.3174,0.34,29.5,0.0,,1.0
2024-11-15 12:33:37,37.44398,0.34,29.25,0.0,,1.0
2024-11-15 12:33:37,37.570656,0.34,29.5,0.0,,1.0
2024-11-15 12:33:37,37.700893,0.34,29.25,0.0,,1.0
2024-11-15 12:33:37,37.82796,0.34,29.25,0.0,,1.0
2024-11-15 12:33:37,37.954957,0.34,29.25,0.0,,1.0
2024-11-15 12:33:37,38.082017,0.34,29.25,0.0,,1.0
2024-11-15 12:33:37,38.208913,0.34,29.25,0.0,,1.0
2024-11-15 12:33:37,38.336185,0.34,29.25,0.0,,1.0
2024-11-15 12:33:38,38.462814,0.34,29.25,0.0,,1.0
2024-11-15 12:33:38,38.58989,0.34,29.25,0.0,,1.0
2024-11-15 12:33:38,38.716946,0.34,29.25,0.0,,1.0
2024-11-15 12:33:38,38.843934,0.34,29.25,0.0,,1.0
2024-11-15 12:33:38,38.970865,0.34,29.25,0.0,,1.0
2024-11-15 12:33:38,39.097929,0.34,30.23,2.37,,1.0
2024-11-15 12:33:38,39.22469,0.35,29.99,7.01,,1.0
2024-11-15 12:33:38,39.352258,0.36,29.25,33.16,,1.0
2024-11-15 12:33:39,39.479538,0.37,28.27,27.3,,1.0
2024-11-15 12:33:39,39.606107,0.37,28.76,27.79,,1.0
2024-11-15 12:33:39,39.736643,0.37,29.01,12.39,,1.0
2024-11-15 12:33:39,39.864034,0.37,29.01,10.92,,1.0
2024-11-15 12:33:39,39.991822,0.37,29.01,10.43,,1.0
2024-11-15 12:33:39,40.118136,0.37,29.01,3.59,,1.0
2024-11-15 12:33:39,40.245048,0.37,29.25,5.3,,1.0
2024-11-15 12:33:40,40.372131,0.37,29.25,4.33,,1.0
2024-11-15 12:33:40,40.499475,0.37,29.01,3.35,,1.0
2024-11-15 12:33:40,40.625958,0.37,29.01,2.13,,1.0
2024-11-15 12:33:40,40.753256,0.37,29.01,1.39,,1.0
2024-11-15 12:33:40,40.880765,0.37,29.01,3.1,,1.0
2024-11-15 12:33:40,41.010602,0.37,29.01,0.0,,1.0
2024-11-15 12:33:40,41.137616,0.37,29.01,2.37,,1.0
2024-11-15 12:33:40,41.264387,0.37,29.01,1.88,,1.0
2024-11-15 12:33:41,41.391661,0.37,29.01,0.0,,1.0
2024-11-15 12:33:41,41.518619,0.37,29.01,0.0,,1.0
2024-11-15 12:33:41,41.645305,0.37,29.01,0.9,,1.0
2024-11-15 12:33:41,41.768841,0.37,29.01,0.17,,1.0
2024-11-15 12:33:41,41.895787,0.37,28.76,0.0,,1.0
2024-11-15 12:33:41,42.022708,0.38,28.76,0.0,,1.0
2024-11-15 12:33:41,42.149274,0.39,28.76,0.0,,1.0
2024-11-15 12:33:41,42.272567,0.41,29.01,0.0,,1.0
2024-11-15 12:33:42,42.399531,0.42,28.76,0.0,,1.0
2024-11-15 12:33:42,42.526456,0.42,29.01,0.66,,1.0
2024-11-15 12:33:42,42.6532,0.43,29.01,0.0,,1.0
2024-11-15 12:33:42,42.78066,0.44,29.01,0.0,,1.0
2024-11-15 12:33:42,42.907481,0.44,28.76,0.0,,1.0
2024-11-15 12:33:42,43.034395,0.44,28.76,0.0,,1.0
2024-11-15 12:33:42,43.161171,0.44,29.01,0.0,,1.0
2024-11-15 12:33:42,43.288659,0.44,28.76,0.0,,1.0
2024-11-15 12:33:43,43.415322,0.44,29.01,0.0,,1.0
2024-11-15 12:33:43,43.542158,0.45,28.76,0.0,,1.0
2024-11-15 12:33:43,43.669153,0.45,28.76,0.0,,1.0
2024-11-15 12:33:43,43.796204,0.46,29.01,0.42,,1.0
2024-11-15 12:33:43,43.923626,0.46,29.01,0.0,,1.0
2024-11-15 12:33:43,44.050558,0.46,29.01,0.0,,1.0
2024-11-15 12:33:43,44.177215,0.46,29.01,0.0,,1.0
2024-11-15 12:33:43,44.303903,0.46,28.76,0.0,,1.0
2024-11-15 12:33:44,44.4312,0.46,28.76,0.0,,1.0
2024-11-15 12:33:44,44.55824,0.46,28.76,0.0,,1.0
2024-11-15 12:33:44,44.685228,0.46,29.01,0.0,,1.0
2024-11-15 12:33:44,44.812147,0.46,29.01,0.0,,1.0
2024-11-15 12:33:44,44.939018,0.46,28.76,0.0,,1.0
2024-11-15 12:33:44,45.066223,0.46,29.01,0.0,,1.0
2024-11-15 12:33:44,45.19366,0.46,28.76,0.0,,1.0
2024-11-15 12:33:44,45.320326,0.46,29.01,0.0,,1.0
2024-11-15 12:33:45,45.447084,0.46,28.76,0.0,,1.0
2024-11-15 12:33:45,45.574041,0.46,28.76,0.0,,1.0
2024-11-15 12:33:45,45.701065,0.46,29.01,0.0,,1.0
2024-11-15 12:33:45,45.831492,0.46,29.01,0.0,,1.0
2024-11-15 12:33:45,45.958406,0.46,28.76,0.0,,1.0
2024-11-15 12:33:45,46.081982,0.46,28.76,0.0,,1.0
2024-11-15 12:33:45,46.208583,0.46,29.01,0.0,,1.0
2024-11-15 12:33:45,46.335269,0.46,28.76,0.0,,1.0
2024-11-15 12:33:46,46.462388,0.46,29.01,0.17,,1.0
2024-11-15 12:33:46,46.585529,0.46,29.99,1.64,,1.0
2024-11-15 12:33:46,46.712716,0.46,29.74,7.01,,1.0
2024-11-15 12:33:46,46.839701,0.47,29.74,5.79,,1.0
2024-11-15 12:33:46,46.966638,0.47,28.27,19.72,,1.0
2024-11-15 12:33:46,47.093428,0.48,28.27,27.79,,1.0
2024-11-15 12:33:46,47.221043,0.48,28.27,26.56,,1.0
2024-11-15 12:33:46,47.351356,0.49,28.52,18.5,,1.0
2024-11-15 12:33:47,47.478294,0.49,28.52,13.86,,1.0
2024-11-15 12:33:47,47.605688,0.49,28.52,10.68,,1.0
2024-11-15 12:33:47,47.735841,0.49,28.52,8.72,,1.0
2024-11-15 12:33:47,47.86288,0.49,28.52,7.99,,1.0
2024-11-15 12:33:47,47.989943,0.49,28.52,6.28,,1.0
2024-11-15 12:33:47,48.117016,0.49,28.52,5.79,,1.0
2024-11-15 12:33:47,48.243883,0.49,28.52,4.81,,1.0
2024-11-15 12:33:48,48.371094,0.49,28.52,4.08,,1.0
2024-11-15 12:33:48,48.497873,0.49,28.52,2.37,,1.0
2024-11-15 12:33:48,48.62497,0.49,28.52,3.1,,1.0
2024-11-15 12:33:48,48.751766,0.49,28.52,3.1,,1.0
2024-11-15 12:33:48,48.878886,0.49,28.52,3.1,,1.0
2024-11-15 12:33:48,49.006003,0.49,28.76,2.86,,1.0
2024-11-15 12:33:48,49.132729,0.49,28.52,2.13,,1.0
2024-11-15 12:33:48,49.259835,0.49,28.52,1.88,,1.0
2024-11-15 12:33:49,49.386891,0.49,28.76,1.88,,1.0
2024-11-15 12:33:49,49.513647,0.49,28.52,1.39,,1.0
2024-11-15 12:33:49,49.641326,0.49,28.76,0.17,,1.0
2024-11-15 12:33:49,49.768188,0.49,28.52,0.66,,1.0
2024-11-15 12:33:49,49.895238,0.49,28.52,0.9,,1.0
2024-11-15 12:33:49,50.021915,0.49,28.76,0.42,,1.0
2024-11-15 12:33:49,50.148618,0.49,28.52,0.0,,1.0
2024-11-15 12:33:49,50.275647,0.49,28.52,0.0,,1.0
2024-11-15 12:33:50,50.402865,0.49,28.52,0.42,,1.0
2024-11-15 12:33:50,50.529741,0.49,28.52,0.0,,1.0
2024-11-15 12:33:50,50.656467,0.49,28.52,0.0,,1.0
2024-11-15 12:33:50,50.783584,0.49,28.76,0.0,,1.0
2024-11-15 12:33:50,50.911154,0.5,28.52,0.0,,1.0
2024-11-15 12:33:50,51.03806,0.51,28.52,0.0,,1.0
2024-11-15 12:33:50,51.164641,0.52,28.52,0.0,,1.0
2024-11-15 12:33:50,51.291304,0.53,28.76,0.0,,1.0
2024-11-15 12:33:51,51.418187,0.54,28.76,1.15,,1.0
2024-11-15 12:33:51,51.541929,0.55,28.52,0.0,,1.0
2024-11-15 12:33:51,51.668343,0.56,28.52,0.0,,1.0
2024-11-15 12:33:51,51.795321,0.56,28.52,0.17,,1.0
2024-11-15 12:33:51,51.921948,0.57,28.52,0.66,,1.0
2024-11-15 12:33:51,52.04539,0.57,28.52,0.0,,1.0
2024-11-15 12:33:51,52.172753,0.57,28.76,0.0,,1.0
2024-11-15 12:33:51,52.299702,0.57,28.52,0.0,,1.0
2024-11-15 12:33:52,52.429788,0.57,28.52,0.0,,1.0
2024-11-15 12:33:52,52.556746,0.57,28.52,0.0,,1.0
2024-11-15 12:33:52,52.683697,0.58,28.76,0.0,,1.0
2024-11-15 12:33:52,52.81093,0.58,28.76,0.0,,1.0
2024-11-15 12:33:52,52.937664,0.58,29.74,3.35,,1.0
2024-11-15 12:33:52,53.06468,0.58,29.5,6.28,,1.0
2024-11-15 12:33:52,53.19201,0.58,28.52,20.45,,1.0
2024-11-15 12:33:52,53.318903,0.59,29.5,28.27,,1.0
2024-11-15 12:33:53,53.446194,0.6,29.5,26.32,,1.0
2024-11-15 12:33:53,53.573972,0.6,29.25,26.56,,1.0
2024-11-15 12:33:53,53.703755,0.6,28.03,26.32,,1.0
2024-11-15 12:33:53,53.830927,0.6,28.03,18.99,,1.0
2024-11-15 12:33:53,53.958019,0.6,28.03,14.83,,1.0
2024-11-15 12:33:53,54.088646,0.6,28.27,12.15,,1.0
2024-11-15 12:33:53,54.215892,0.6,28.27,11.66,,1.0
2024-11-15 12:33:53,54.342799,0.6,28.27,8.48,,1.0
2024-11-15 12:33:54,54.470052,0.6,28.27,7.26,,1.0
2024-11-15 12:33:54,54.597072,0.6,28.27,7.5,,1.0
2024-11-15 12:33:54,54.72403,0.6,28.27,5.55,,1.0
2024-11-15 12:33:54,54.850939,0.6,28.27,4.81,,1.0
2024-11-15 12:33:54,54.978499,0.6,28.27,5.06,,1.0
2024-11-15 12:33:54,55.104755,0.6,28.27,4.57,,1.0
2024-11-15 12:33:54,55.231773,0.6,28.27,4.33,,1.0
2024-11-15 12:33:55,55.358998,0.6,28.27,4.33,,1.0
2024-11-15 12:33:55,55.486434,0.6,28.27,4.08,,1.0
2024-11-15 12:33:55,55.613139,0.6,28.27,4.33,,1.0
2024-11-15 12:33:55,55.739817,0.6,28.27,3.1,,1.0
2024-11-15 12:33:55,55.867061,0.6,28.27,2.61,,1.0
2024-11-15 12:33:55,55.994161,0.6,28.27,2.61,,1.0
2024-11-15 12:33:55,56.120927,0.6,28.52,2.61,,1.0
2024-11-15 12:33:55,56.247821,0.6,28.27,2.37,,1.0
2024-11-15 12:33:56,56.375355,0.6,28.52,2.13,,1.0
2024-11-15 12:33:56,56.502052,0.6,28.27,2.37,,1.0
2024-11-15 12:33:56,56.628998,0.6,28.27,1.88,,1.0
2024-11-15 12:33:56,56.756369,0.6,28.27,1.64,,1.0
2024-11-15 12:33:56,56.882513,0.6,28.27,1.39,,1.0
2024-11-15 12:33:56,57.009838,0.6,28.27,1.64,,1.0
2024-11-15 12:33:56,57.136401,0.6,28.27,1.39,,1.0
2024-11-15 12:33:56,57.262852,0.6,28.27,1.39,,1.0
2024-11-15 12:33:57,57.386409,0.6,28.27,1.15,,1.0
2024-11-15 12:33:57,57.513784,0.6,28.27,0.66,,1.0
2024-11-15 12:33:57,57.640187,0.6,28.27,0.9,,1.0
2024-11-15 12:33:57,57.766924,0.6,28.27,0.66,,1.0
2024-11-15 12:33:57,57.893848,0.6,28.27,0.66,,1.0
2024-11-15 12:33:57,58.020891,0.6,28.27,0.66,,1.0
2024-11-15 12:33:57,58.148298,0.6,28.27,0.66,,1.0
2024-11-15 12:33:57,58.275071,0.6,28.27,0.0,,1.0
2024-11-15 12:33:58,58.401877,0.6,28.27,1.15,,1.0
2024-11-15 12:33:58,58.52913,0.6,28.27,0.17,,1.0
2024-11-15 12:33:58,58.655992,0.6,28.27,0.17,,1.0
2024-11-15 12:33:58,58.782937,0.6,28.27,0.17,,1.0
2024-11-15 12:33:58,58.910406,0.6,28.27,0.42,,1.0
2024-11-15 12:33:58,59.037048,0.6,28.27,0.17,,1.0
2024-11-15 12:33:58,59.164388,0.6,28.03,0.17,,1.0
2024-11-15 12:33:58,59.29073,0.6,28.27,0.0,,1.0
2024-11-15 12:33:59,59.418044,0.6,28.27,0.0,,1.0
2024-11-15 12:33:59,59.545093,0.6,28.27,0.0,,1.0
2024-11-15 12:33:59,59.672414,0.6,28.27,0.42,,1.0
2024-11-15 12:33:59,59.798666,0.6,28.27,0.0,,1.0
2024-11-15 12:33:59,59.925869,0.6,28.27,0.0,,1.0
2024-11-15 12:33:59,60.053137,0.61,28.27,0.0,,1.0
2024-11-15 12:33:59,60.179814,0.62,28.27,0.17,,1.0
2024-11-15 12:33:59,60.306586,0.63,28.27,0.0,,1.0
2024-11-15 12:34:00,60.433635,0.64,28.27,0.42,,1.0
2024-11-15 12:34:00,60.560875,0.64,28.03,0.0,,1.0
2024-11-15 12:34:00,60.688329,0.65,28.27,0.0,,1.0
2024-11-15 12:34:00,60.814594,0.66,28.27,0.0,,1.0
2024-11-15 12:34:00,60.942119,0.67,28.27,0.0,,1.0
2024-11-15 12:34:00,61.068861,0.67,28.27,0.0,,1.0
2024-11-15 12:34:00,61.195392,0.68,28.27,0.0,,1.0
2024-11-15 12:34:00,61.322453,0.68,28.27,0.0,,1.0
2024-11-15 12:34:01,61.449257,0.68,28.27,0.0,,1.0
2024-11-15 12:34:01,61.572298,0.68,28.27,0.0,,1.0
2024-11-15 12:34:01,61.699129,0.68,28.27,0.0,,1.0
2024-11-15 12:34:01,61.826093,0.68,28.27,0.17,,1.0
2024-11-15 12:34:01,61.953142,0.68,28.27,0.0,,1.0
2024-11-15 12:34:01,62.079949,0.68,28.03,0.0,,1.0
2024-11-15 12:34:01,62.206678,0.68,28.27,0.0,,1.0
2024-11-15 12:34:01,62.334128,0.68,28.27,0.0,,1.0
2024-11-15 12:34:02,62.460837,0.68,28.03,0.0,,1.0
2024-11-15 12:34:02,62.588304,0.68,28.27,0.0,,1.0
2024-11-15 12:34:02,62.715115,0.68,28.27,0.0,,1.0
2024-11-15 12:34:02,62.841712,0.68,28.27,0.0,,1.0
2024-11-15 12:34:02,62.969011,0.68,28.27,0.0,,1.0
2024-11-15 12:34:02,63.095843,0.68,28.27,0.0,,1.0
2024-11-15 12:34:02,63.222876,0.68,28.27,0.0,,1.0
2024-11-15 12:34:02,63.350156,0.68,28.27,0.0,,1.0
2024-11-15 12:34:03,63.477058,0.69,28.27,0.42,,1.0
2024-11-15 12:34:03,63.603635,0.69,28.03,0.0,,1.0
2024-11-15 12:34:03,63.730848,0.69,28.27,0.0,,1.0
2024-11-15 12:34:03,63.857564,0.69,28.27,0.0,,1.0
2024-11-15 12:34:03,63.985227,0.69,28.27,0.0,,1.0
2024-11-15 12:34:03,64.11166,0.69,28.27,0.0,,1.0
2024-11-15 12:34:03,64.239019,0.69,28.27,0.0,,1.0
2024-11-15 12:34:04,64.365524,0.69,28.27,0.0,,1.0
2024-11-15 12:34:04,64.492779,0.7,28.27,0.0,,1.0
2024-11-15 12:34:04,64.61972,0.7,28.27,0.17,,1.0
2024-11-15 12:34:04,64.747278,0.7,29.01,3.35,,1.0
2024-11-15 12:34:04,64.873706,0.7,29.25,4.57,,1.0
2024-11-15 12:34:04,65.000732,0.71,29.25,21.92,,1.0
2024-11-15 12:34:04,65.127995,0.72,29.25,29.01,,1.0
2024-11-15 12:34:04,65.258763,0.72,27.79,26.81,,1.0
2024-11-15 12:34:05,65.385559,0.72,27.79,14.83,,1.0
2024-11-15 12:34:05,65.513171,0.73,27.79,9.7,,1.0
2024-11-15 12:34:05,65.639734,0.73,28.03,7.75,,1.0
2024-11-15 12:34:05,65.76653,0.73,28.03,5.55,,1.0
2024-11-15 12:34:05,65.8934,0.73,28.03,4.57,,1.0
2024-11-15 12:34:05,66.020562,0.73,28.03,3.84,,1.0
2024-11-15 12:34:05,66.147255,0.73,28.03,3.59,,1.0
2024-11-15 12:34:05,66.27411,0.73,28.03,2.61,,1.0
2024-11-15 12:34:06,66.40096,0.73,28.03,3.35,,1.0
2024-11-15 12:34:06,66.524443,0.73,28.03,2.13,,1.0
2024-11-15 12:34:06,66.651033,0.73,28.03,2.61,,1.0
2024-11-15 12:34:06,66.77785,0.73,28.03,2.61,,1.0
2024-11-15 12:34:06,66.90471,0.73,28.03,2.37,,1.0
2024-11-15 12:34:06,67.031606,0.73,28.03,1.88,,1.0
2024-11-15 12:34:06,67.158613,0.73,28.03,2.13,,1.0
2024-11-15 12:34:06,67.285721,0.73,28.03,1.15,,1.0
2024-11-15 12:34:07,67.412586,0.73,27.79,1.88,,1.0
2024-11-15 12:34:07,67.539855,0.73,28.03,0.9,,1.0
2024-11-15 12:34:07,67.666807,0.73,28.03,0.66,,1.0
2024-11-15 12:34:07,67.793715,0.73,28.03,0.9,,1.0
2024-11-15 12:34:07,67.920585,0.73,28.03,1.15,,1.0
2024-11-15 12:34:07,68.048238,0.73,27.79,1.15,,1.0
2024-11-15 12:34:07,68.174594,0.73,27.79,0.42,,1.0
2024-11-15 12:34:07,68.301634,0.73,27.79,0.66,,1.0
2024-11-15 12:34:08,68.429184,0.73,28.03,0.17,,1.0
2024-11-15 12:34:08,68.555758,0.73,28.03,0.17,,1.0
2024-11-15 12:34:08,68.682934,0.73,28.03,0.42,,1.0
2024-11-15 12:34:08,68.810142,0.73,28.03,0.0,,1.0
2024-11-15 12:34:08,68.936904,0.73,28.03,0.0,,1.0
2024-11-15 12:34:08,69.064103,0.73,27.79,0.0,,1.0
2024-11-15 12:34:08,69.190916,0.73,28.03,0.0,,1.0
2024-11-15 12:34:08,69.317732,0.74,28.03,0.0,,1.0
2024-11-15 12:34:09,69.445162,0.75,28.03,0.17,,1.0
2024-11-15 12:34:09,69.571497,0.75,28.03,0.0,,1.0
2024-11-15 12:34:09,69.69875,0.75,27.79,0.0,,1.0
2024-11-15 12:34:09,69.825502,0.76,27.79,0.17,,1.0
2024-11-15 12:34:09,69.953128,0.77,28.03,0.42,,1.0
2024-11-15 12:34:09,70.079677,0.77,27.79,0.0,,1.0
2024-11-15 12:34:09,70.207176,0.78,27.79,0.0,,1.0
2024-11-15 12:34:09,70.333545,0.79,27.79,0.0,,1.0
2024-11-15 12:34:10,70.461044,0.8,28.03,0.0,,1.0
2024-11-15 12:34:10,70.58741,0.8,27.79,0.17,,1.0
2024-11-15 12:34:10,70.714549,0.8,27.79,0.0,,1.0
2024-11-15 12:34:10,70.841006,0.8,27.79,0.0,,1.0
2024-11-15 12:34:10,70.964135,0.8,27.79,0.0,,1.0
2024-11-15 12:34:10,71.091455,0.8,27.79,0.0,,1.0
2024-11-15 12:34:10,71.217964,0.8,27.79,0.0,,1.0
2024-11-15 12:34:10,71.345017,0.8,27.79,0.0,,1.0
2024-11-15 12:34:11,71.472126,0.8,27.79,0.0,,1.0
2024-11-15 12:34:11,71.598729,0.81,27.79,0.0,,1.0
2024-11-15 12:34:11,71.725574,0.81,27.79,0.0,,1.0
2024-11-15 12:34:11,71.852539,0.81,27.79,0.0,,1.0
2024-11-15 12:34:11,71.979647,0.81,27.79,0.0,,1.0
2024-11-15 12:34:11,72.106736,0.81,27.54,0.0,,1.0
2024-11-15 12:34:11,72.234086,0.81,27.54,0.0,,1.0
2024-11-15 12:34:12,72.360668,0.81,27.79,0.0,,1.0
2024-11-15 12:34:12,72.487909,0.81,27.79,0.0,,1.0
2024-11-15 12:34:12,72.614727,0.81,27.79,0.0,,1.0
2024-11-15 12:34:12,72.74176,0.81,27.79,0.0,,1.0
2024-11-15 12:34:12,72.868556,0.82,27.79,0.0,,1.0
2024-11-15 12:34:12,72.995669,0.82,27.79,0.0,,1.0
2024-11-15 12:34:12,73.122861,0.82,27.54,0.0,,1.0
2024-11-15 12:34:12,73.249633,0.82,27.54,0.0,,1.0
2024-11-15 12:34:13,73.376835,0.82,27.79,0.0,,1.0
2024-11-15 12:34:13,73.503534,0.82,27.79,0.0,,1.0
2024-11-15 12:34:13,73.630549,0.82,27.79,0.0,,1.0
2024-11-15 12:34:13,73.7578,0.82,27.79,0.0,,1.0
2024-11-15 12:34:13,73.884748,0.82,27.79,0.0,,1.0
2024-11-15 12:34:13,74.012019,0.83,27.79,0.0,,1.0
2024-11-15 12:34:13,74.138938,0.83,27.54,0.0,,1.0
2024-11-15 12:34:13,74.265429,0.83,27.54,0.0,,1.0
2024-11-15 12:34:14,74.39223,0.83,27.54,0.17,,1.0
2024-11-15 12:34:14,74.51967,0.83,27.54,0.0,,1.0
2024-11-15 12:34:14,74.646384,0.83,28.76,5.79,,1.0
2024-11-15 12:34:14,74.773665,0.83,28.52,4.33,,1.0
2024-11-15 12:34:14,74.900765,0.83,28.27,6.77,,1.0
2024-11-15 12:34:14,75.027328,0.84,27.05,24.61,,1.0
2024-11-15 12:34:14,75.154214,0.85,27.05,14.1,,1.0
2024-11-15 12:34:14,75.281011,0.85,27.3,9.21,,1.0
2024-11-15 12:34:15,75.407664,0.85,27.54,7.75,,1.0
2024-11-15 12:34:15,75.531496,0.85,27.54,4.81,,1.0
2024-11-15 12:34:15,75.658312,0.85,27.54,4.57,,1.0
2024-11-15 12:34:15,75.784665,0.85,27.54,2.37,,1.0
2024-11-15 12:34:15,75.911893,0.85,27.54,2.13,,1.0
2024-11-15 12:34:15,76.03906,0.85,27.54,2.37,,1.0
2024-11-15 12:34:15,76.166135,0.85,27.54,1.88,,1.0
2024-11-15 12:34:15,76.292889,0.85,27.54,1.64,,1.0
2024-11-15 12:34:16,76.419737,0.85,27.54,1.39,,1.0
2024-11-15 12:34:16,76.546751,0.85,27.54,1.39,,1.0
2024-11-15 12:34:16,76.673905,0.85,27.54,0.9,,1.0
2024-11-15 12:34:16,76.801529,0.85,27.54,0.66,,1.0
2024-11-15 12:34:16,76.927667,0.85,27.54,0.9,,1.0
2024-11-15 12:34:16,77.05484,0.85,27.54,0.9,,1.0
2024-11-15 12:34:16,77.181903,0.85,27.54,0.17,,1.0
2024-11-15 12:34:16,77.308949,0.85,27.54,0.42,,1.0
2024-11-15 12:34:17,77.435861,0.85,27.3,0.42,,1.0
2024-11-15 12:34:17,77.563207,0.85,27.54,0.42,,1.0
2024-11-15 12:34:17,77.689714,0.85,27.54,0.0,,1.0
2024-11-15 12:34:17,77.816898,0.85,27.3,0.17,,1.0
2024-11-15 12:34:17,77.943499,0.85,27.54,0.0,,1.0
2024-11-15 12:34:17,78.071048,0.87,27.54,0.9,,1.0
2024-11-15 12:34:17,78.198171,0.87,27.54,0.66,,1.0
2024-11-15 12:34:17,78.324397,0.88,27.3,0.0,,1.0
2024-11-15 12:34:18,78.451432,0.89,27.54,0.42,,1.0
2024-11-15 12:34:18,78.57861,0.89,27.3,0.0,,1.0
2024-11-15 12:34:18,78.705796,0.9,27.54,0.0,,1.0
2024-11-15 12:34:18,78.832598,0.91,27.3,0.0,,1.0
2024-11-15 12:34:18,78.959587,0.91,27.3,0.0,,1.0
2024-11-15 12:34:18,79.087055,0.91,27.54,0.0,,1.0
2024-11-15 12:34:18,79.213717,0.92,27.54,0.0,,1.0
2024-11-15 12:34:18,79.341131,0.92,27.3,0.0,,1.0
2024-11-15 12:34:19,79.467843,0.93,27.3,0.0,,1.0
2024-11-15 12:34:19,79.594579,0.93,27.54,0.0,,1.0
2024-11-15 12:34:19,79.721164,0.93,27.3,0.17,,1.0
2024-11-15 12:34:19,79.845061,0.93,27.54,0.0,,1.0
2024-11-15 12:34:19,79.971021,0.93,27.3,0.0,,1.0
2024-11-15 12:34:19,80.097908,0.93,27.3,0.0,,1.0
2024-11-15 12:34:19,80.224946,0.93,27.3,0.0,,1.0
2024-11-15 12:34:19,80.352037,0.93,27.3,0.0,,1.0
2024-11-15 12:34:20,80.478767,0.93,27.54,0.0,,1.0
2024-11-15 12:34:20,80.606055,0.93,27.54,0.17,,1.0
2024-11-15 12:34:20,80.732788,0.93,27.54,0.0,,1.0
2024-11-15 12:34:20,80.860111,0.93,27.54,0.0,,1.0
2024-11-15 12:34:20,80.987125,0.93,27.3,0.0,,1.0
2024-11-15 12:34:20,81.113476,0.93,27.3,0.0,,1.0
2024-11-15 12:34:20,81.240707,0.93,27.3,0.0,,1.0
2024-11-15 12:34:21,81.367619,0.93,27.3,0.0,,1.0
2024-11-15 12:34:21,81.494665,0.93,27.3,0.0,,1.0
2024-11-15 12:34:21,81.621634,0.93,27.3,0.0,,1.0
2024-11-15 12:34:21,81.748949,0.93,27.3,0.0,,1.0
2024-11-15 12:34:21,81.875859,0.93,27.3,0.0,,1.0
2024-11-15 12:34:21,82.003059,0.93,27.3,0.0,,1.0
2024-11-15 12:34:21,82.129527,0.93,27.54,0.0,,1.0
2024-11-15 12:34:21,82.25667,0.94,27.3,0.0,,1.0
2024-11-15 12:34:22,82.383748,0.94,27.3,0.0,,1.0
2024-11-15 12:34:22,82.510768,0.94,27.3,0.0,,1.0
2024-11-15 12:34:22,82.637528,0.94,27.3,0.0,,1.0
2024-11-15 12:34:22,82.765372,0.94,27.3,0.0,,1.0
2024-11-15 12:34:22,82.891525,0.94,27.3,0.0,,1.0
2024-11-15 12:34:22,83.018965,0.94,27.3,0.0,,1.0
2024-11-15 12:34:22,83.145493,0.94,27.3,0.17,,1.0
2024-11-15 12:34:22,83.272182,0.94,27.05,0.0,,1.0
2024-11-15 12:34:23,83.399224,0.94,27.3,0.0,,1.0
2024-11-15 12:34:23,83.526142,0.94,27.3,0.0,,1.0
2024-11-15 12:34:23,83.653201,0.94,27.3,0.0,,1.0
2024-11-15 12:34:23,83.780308,0.94,27.3,0.0,,1.0
2024-11-15 12:34:23,83.907418,0.94,27.3,0.0,,1.0
2024-11-15 12:34:23,84.034525,0.94,27.3,0.0,,1.0
2024-11-15 12:34:23,84.161156,0.94,27.3,0.0,,1.0
2024-11-15 12:34:23,84.284571,0.94,27.3,0.0,,1.0
2024-11-15 12:34:24,84.410839,0.94,27.3,0.0,,1.0
2024-11-15 12:34:24,84.537758,0.94,27.3,0.0,,1.0
2024-11-15 12:34:24,84.664887,0.94,27.3,0.0,,1.0
2024-11-15 12:34:24,84.791685,0.94,27.3,0.0,,1.0
2024-11-15 12:34:24,84.918629,0.94,27.3,0.0,,1.0
2024-11-15 12:34:24,85.045402,0.94,28.27,3.59,,1.0
2024-11-15 12:34:24,85.172495,0.94,28.27,4.33,,1.0
2024-11-15 12:34:24,85.299651,0.95,28.27,3.84,,1.0
2024-11-15 12:34:25,85.42684,0.95,26.08,28.03,,1.0
2024-11-15 12:34:25,85.553696,0.96,27.05,25.59,,1.0
2024-11-15 12:34:25,85.681004,0.96,27.05,15.81,,1.0
2024-11-15 12:34:25,85.811676,0.96,27.3,11.66,,1.0
2024-11-15 12:34:25,85.938681,0.96,27.05,8.97,,1.0
2024-11-15 12:34:25,86.065493,0.96,27.05,8.48,,1.0
2024-11-15 12:34:25,86.192497,0.96,27.05,6.28,,1.0
2024-11-15 12:34:25,86.320312,0.96,27.05,4.81,,1.0
2024-11-15 12:34:26,86.447038,0.96,26.81,4.08,,1.0
2024-11-15 12:34:26,86.574045,0.96,27.05,3.84,,1.0
2024-11-15 12:34:26,86.700668,0.96,27.05,3.35,,1.0
2024-11-15 12:34:26,86.82743,0.96,27.05,2.37,,1.0
2024-11-15 12:34:26,86.954602,0.96,27.05,2.13,,1.0
2024-11-15 12:34:26,87.081732,0.96,27.05,1.88,,1.0
2024-11-15 12:34:26,87.208427,0.96,27.05,1.15,,1.0
2024-11-15 12:34:26,87.335877,0.96,27.05,1.88,,1.0
2024-11-15 12:34:27,87.462833,0.96,27.05,1.39,,1.0
2024-11-15 12:34:27,87.589661,0.96,27.05,0.9,,1.0
2024-11-15 12:34:27,87.716648,0.96,26.81,0.9,,1.0
2024-11-15 12:34:27,87.84385,0.96,27.05,0.42,,1.0
2024-11-15 12:34:27,87.970354,0.96,27.05,0.66,,1.0
2024-11-15 12:34:27,88.097638,0.96,27.3,0.0,,1.0
2024-11-15 12:34:27,88.224601,0.96,27.3,0.17,,1.0
2024-11-15 12:34:27,88.352055,0.96,27.05,0.42,,1.0
2024-11-15 12:34:28,88.478959,0.96,27.05,0.0,,1.0
2024-11-15 12:34:28,88.605288,0.96,27.05,0.17,,1.0
2024-11-15 12:34:28,88.732693,0.96,27.3,0.17,,1.0
2024-11-15 12:34:28,88.859412,0.97,27.05,0.0,,1.0
2024-11-15 12:34:28,88.985808,0.98,27.3,0.0,,1.0
2024-11-15 12:34:28,89.109065,0.99,27.3,0.17,,1.0
2024-11-15 12:34:28,89.236165,1.0,27.05,0.17,,1.0
2024-11-15 12:34:29,89.362826,1.01,27.05,0.0,,1.0
2024-11-15 12:34:29,89.489682,1.02,27.05,0.0,,1.0
2024-11-15 12:34:29,89.616995,1.03,27.05,0.42,,1.0
2024-11-15 12:34:29,89.743705,1.04,27.3,0.0,,1.0
2024-11-15 12:34:29,89.870821,1.04,27.05,0.0,,1.0
2024-11-15 12:34:29,89.997497,1.05,27.3,0.0,,1.0
2024-11-15 12:34:29,90.124375,1.05,27.05,0.0,,1.0
2024-11-15 12:34:29,90.251734,1.05,27.05,0.17,,1.0
2024-11-15 12:34:30,90.378732,1.05,27.05,0.0,,1.0
2024-11-15 12:34:30,90.505538,1.05,27.05,0.0,,1.0
2024-11-15 12:34:30,90.632434,1.05,27.3,0.0,,1.0
2024-11-15 12:34:30,90.75974,1.05,27.3,0.0,,1.0
2024-11-15 12:34:30,90.88701,1.05,27.05,0.0,,1.0
2024-11-15 12:34:30,91.013474,1.05,27.05,0.0,,1.0
2024-11-15 12:34:30,91.140321,1.05,27.05,0.0,,1.0
2024-11-15 12:34:30,91.267597,1.05,27.3,0.0,,1.0
2024-11-15 12:34:31,91.394611,1.05,27.3,0.0,,1.0
2024-11-15 12:34:31,91.521614,1.05,27.3,0.0,,1.0
2024-11-15 12:34:31,91.648572,1.05,27.05,0.0,,1.0
2024-11-15 12:34:31,91.775873,1.05,27.3,0.0,,1.0
2024-11-15 12:34:31,91.902266,1.05,27.05,0.0,,1.0
2024-11-15 12:34:31,92.029884,1.05,27.05,0.0,,1.0
2024-11-15 12:34:31,92.156908,1.05,27.05,0.0,,1.0
2024-11-15 12:34:31,92.283483,1.06,27.05,0.0,,1.0
2024-11-15 12:34:32,92.410994,1.06,27.3,0.0,,1.0
2024-11-15 12:34:32,92.53742,1.06,27.05,0.0,,1.0
2024-11-15 12:34:32,92.664215,1.06,27.05,0.0,,1.0
2024-11-15 12:34:32,92.791989,1.06,27.3,0.0,,1.0
2024-11-15 12:34:32,92.918496,1.06,27.3,0.17,,1.0
2024-11-15 12:34:32,93.045821,1.06,27.3,0.0,,1.0
2024-11-15 12:34:32,93.172183,1.06,27.3,0.0,,1.0
2024-11-15 12:34:32,93.299068,1.06,27.05,0.0,,1.0
2024-11-15 12:34:33,93.425528,1.06,27.3,0.0,,1.0
2024-11-15 12:34:33,93.549626,1.06,27.05,0.0,,1.0
2024-11-15 12:34:33,93.675763,1.06,27.3,0.0,,1.0
2024-11-15 12:34:33,93.802824,1.06,27.05,0.0,,1.0
2024-11-15 12:34:33,93.929474,1.06,27.05,0.0,,1.0
2024-11-15 12:34:33,94.056747,1.06,27.05,0.0,,1.0
2024-11-15 12:34:33,94.183818,1.06,27.05,0.0,,1.0
2024-11-15 12:34:33,94.31071,1.06,27.3,0.0,,1.0
2024-11-15 12:34:34,94.437238,1.06,27.3,0.0,,1.0
2024-11-15 12:34:34,94.564625,1.06,27.3,0.0,,1.0
2024-11-15 12:34:34,94.691586,1.06,27.05,0.0,,1.0
2024-11-15 12:34:34,94.81878,1.06,27.3,0.0,,1.0
2024-11-15 12:34:34,94.945485,1.06,27.3,0.17,,1.0
2024-11-15 12:34:34,95.072758,1.06,27.05,0.0,,1.0
2024-11-15 12:34:34,95.199204,1.06,27.3,0.17,,1.0
2024-11-15 12:34:34,95.326277,1.06,27.3,0.0,,1.0
2024-11-15 12:34:35,95.453368,1.06,27.3,0.17,,1.0
2024-11-15 12:34:35,95.580263,1.06,27.3,0.0,,1.0
2024-11-15 12:34:35,95.707314,1.06,27.3,0.0,,1.0
2024-11-15 12:34:35,95.834488,1.06,27.3,0.0,,1.0
2024-11-15 12:34:35,95.96132,1.06,27.3,0.0,,1.0
2024-11-15 12:34:35,96.088913,1.06,27.3,0.0,,1.0
2024-11-15 12:34:35,96.215798,1.06,27.3,0.0,,1.0
2024-11-15 12:34:35,96.342585,1.06,27.3,0.0,,1.0
2024-11-15 12:34:36,96.469415,1.06,27.3,0.0,,1.0
2024-11-15 12:34:36,96.59616,1.06,27.3,0.0,,1.0
2024-11-15 12:34:36,96.723248,1.06,27.3,0.0,,1.0
2024-11-15 12:34:36,96.850313,1.06,27.3,0.0,,1.0
2024-11-15 12:34:36,96.977193,1.06,27.3,0.0,,1.0
2024-11-15 12:34:36,97.104273,1.06,27.3,0.0,,1.0
2024-11-15 12:34:36,97.231281,1.06,27.3,0.0,,1.0
2024-11-15 12:34:37,97.3583,1.06,27.3,0.0,,1.0
2024-11-15 12:34:37,97.48564,1.07,27.3,0.0,,1.0
2024-11-15 12:34:37,97.611838,1.07,27.3,0.0,,1.0
2024-11-15 12:34:37,97.739129,1.07,27.05,0.0,,1.0
2024-11-15 12:34:37,97.862757,1.07,27.3,0.0,,1.0
2024-11-15 12:34:37,97.989707,1.07,27.3,0.0,,1.0
2024-11-15 12:34:37,98.11604,1.07,27.3,0.0,,1.0
2024-11-15 12:34:37,98.242596,1.07,27.3,0.0,,1.0
2024-11-15 12:34:38,98.369737,1.07,27.3,0.0,,1.0
2024-11-15 12:34:38,98.49674,1.07,27.3,0.0,,1.0
2024-11-15 12:34:38,98.623621,1.07,27.3,0.0,,1.0
2024-11-15 12:34:38,98.750526,1.07,27.3,0.0,,1.0
2024-11-15 12:34:38,98.877559,1.07,27.3,0.0,,1.0
2024-11-15 12:34:38,99.004389,1.07,27.3,0.0,,1.0
2024-11-15 12:34:38,99.131563,1.07,27.3,0.0,,1.0
2024-11-15 12:34:38,99.258394,1.07,27.05,0.0,,1.0
2024-11-15 12:34:39,99.385313,1.07,27.05,0.0,,1.0
2024-11-15 12:34:39,99.512516,1.07,27.3,0.0,,1.0
2024-11-15 12:34:39,99.639484,1.07,27.3,0.0,,1.0
2024-11-15 12:34:39,99.766452,1.07,27.3,0.0,,1.0
2024-11-15 12:34:39,99.893464,1.07,27.3,0.0,,1.0
2024-11-15 12:34:39,100.020486,1.07,27.3,0.0,,1.0
2024-11-15 12:34:39,100.147355,1.07,27.3,0.0,,1.0
2024-11-15 12:34:39,100.274502,1.07,27.3,0.0,,1.0
2024-11-15 12:34:40,100.401456,1.07,27.3,0.0,,1.0
2024-11-15 12:34:40,100.528393,1.07,27.3,0.0,,1.0
2024-11-15 12:34:40,100.655411,1.07,27.3,0.0,,1.0
2024-11-15 12:34:40,100.782597,1.07,27.3,0.0,,1.0
2024-11-15 12:34:40,100.909371,1.07,27.3,0.0,,1.0
2024-11-15 12:34:40,101.036586,1.07,27.3,0.0,,1.0
2024-11-15 12:34:40,101.163576,1.07,27.3,0.0,,1.0
2024-11-15 12:34:40,101.290006,1.07,27.3,0.0,,1.0
2024-11-15 12:34:41,101.417171,1.07,27.3,0.0,,1.0
2024-11-15 12:34:41,101.544103,1.07,27.3,0.0,,1.0
2024-11-15 12:34:41,101.67114,1.07,27.54,0.17,,1.0
2024-11-15 12:34:41,101.798217,1.07,27.3,0.0,,1.0
2024-11-15 12:34:41,101.925271,1.07,27.3,0.0,,1.0
2024-11-15 12:34:41,102.052021,1.07,27.3,0.0,,1.0
2024-11-15 12:34:41,102.175707,1.07,27.3,0.0,,1.0
2024-11-15 12:34:41,102.302136,1.07,27.3,0.0,,1.0
2024-11-15 12:34:42,102.428904,1.07,27.3,0.0,,1.0
2024-11-15 12:34:42,102.555921,1.07,27.3,0.0,,1.0
2024-11-15 12:34:42,102.679348,1.07,27.3,0.0,,1.0
2024-11-15 12:34:42,102.806166,1.07,27.05,0.0,,1.0
2024-11-15 12:34:42,102.933215,1.07,27.3,0.0,,1.0
2024-11-15 12:34:42,103.063243,1.07,27.3,0.0,,1.0
2024-11-15 12:34:42,103.19022,1.07,27.3,0.0,,1.0
2024-11-15 12:34:42,103.317431,1.07,27.3,0.0,,1.0
2024-11-15 12:34:43,103.444581,1.08,27.3,0.17,,1.0
2024-11-15 12:34:43,103.571211,1.08,27.3,0.0,,1.0
2024-11-15 12:34:43,103.698127,1.08,27.3,0.0,,1.0
2024-11-15 12:34:43,103.825142,1.08,27.3,0.0,,1.0
2024-11-15 12:34:43,103.952388,1.08,27.3,0.0,,1.0
